name,degree centrality
Pada_Sweat16,0.20561177552897883
Proud_Sweat16,0.28794848206071755
Ant_Sweat16,0.25528978840846367
Petch_Sweat16,0.265869365225391
Ae_Sweat16,0.28380864765409386
anny_sweat16,0.2201011959521619
MahnmookSweat16,0.6198252069917203
Mint_Sweat16,0.35211591536338543
Pim_Sweat16,0.34337626494940204
Sonja_Sweat16,0.34291628334866603
Music_Sweat16,0.359475620975161
Fame_Sweat16,0.2562097516099356
Nink_Sweat16,0.2672493100275989
